full_name,phone
Соколов Екатерина Сергеевич,+7 (999) 727-78-83
Попов Ольга Михайловна,+7 (929) 473-78-92
Смирнова Дмитрий Алексеевич,+7 (926) 714-25-11
Морозов Александр Ивановна,+7 (916) 113-71-88
Морозова Ольга Андреевна,+7 (926) 607-11-32
Кузнецов Юлия Иванович,+7 (903) 752-77-58
Смирнова Дмитрий Андреевна,+7 (916) 398-65-95
Новиков Александр Михайловна,+7 (926) 787-73-57
Соколова Наталья Дмитриевна,+7 (925) 728-23-61
Козлова Михаил Николаевич,+7 (916) 400-78-41
Иванов Петр Владимировна,+7 (999) 227-97-28
Кузнецов Андрей Александрович,+7 (916) 624-45-35
Соколова Иван Дмитриевна,+7 (999) 768-18-93
Козлова Николай Алексеевна,+7 (929) 976-80-63
Кузнецов Андрей Андреевич,+7 (905) 572-86-22
Морозова Елена Сергеевич,+7 (999) 882-12-20
Козлов Юлия Андреевна,+7 (929) 436-37-97
Петров Екатерина Сергеевич,+7 (905) 841-78-77
Иванов Сергей Владимировна,+7 (926) 593-35-80
Смирнов Дмитрий Сергеевич,+7 (926) 685-64-99
Смирнова Елена Сергеевич,+7 (929) 559-68-81
Смирнов Светлана Иванович,+7 (926) 590-40-62
Смирнов Петр Сергеевич,+7 (929) 419-28-93
Лебедев Владимир Александровна,+7 (916) 440-31-81
Попова Елена Николаевна,+7 (916) 626-76-68
Новиков Андрей Сергеевна,+7 (999) 238-21-64
Попова Наталья Андреевич,+7 (905) 782-65-30
Сидоров Екатерина Сергеевна,+7 (905) 246-16-79
Морозова Ирина Алексеевна,+7 (926) 855-95-10
Петров Андрей Владимировна,+7 (999) 877-55-94
Новиков Михаил Дмитриевна,+7 (903) 870-67-29
Соколова Ирина Ивановна,+7 (905) 520-30-47
Морозова Юлия Михайлович,+7 (925) 864-59-82
Новиков Елена Петровна,+7 (929) 636-91-34
Лебедев Юлия Ивановна,+7 (916) 770-58-62
Новикова Николай Николаевич,+7 (916) 658-20-44
Козлов Михаил Сергеевич,+7 (926) 634-47-58
Попов Екатерина Сергеевна,+7 (903) 708-74-52
Иванов Андрей Алексеевич,+7 (929) 290-65-30
Новиков Екатерина Алексеевич,+7 (905) 128-74-58
Кузнецова Мария Петровна,+7 (903) 782-24-40
Смирнов Андрей Михайлович,+7 (926) 445-28-67
Попова Ирина Владимирович,+7 (916) 966-93-34
Петров Елена Александровна,+7 (905) 106-32-57
Соколов Александр Петрович,+7 (999) 632-69-19
Иванов Дмитрий Александровна,+7 (926) 415-52-10
Соколова Екатерина Петрович,+7 (926) 138-41-14
Новиков Алексей Михайлович,+7 (925) 317-92-40
Смирнов Наталья Дмитриевна,+7 (905) 398-25-55
Петров Владимир Дмитриевич,+7 (916) 267-85-14
Попов Анна Алексеевна,+7 (905) 873-83-67
Попова Мария Николаевич,+7 (903) 774-19-45
Козлов Ольга Александровна,+7 (925) 180-73-40
Козлов Александр Андреевна,+7 (903) 826-74-32
Морозов Алексей Петровна,+7 (999) 692-96-58
Соколова Елена Сергеевна,+7 (925) 282-72-71
Морозова Елена Николаевич,+7 (903) 722-11-34
Кузнецов Николай Дмитриевич,+7 (916) 135-88-30
Сидоров Иван Александровна,+7 (925) 207-83-26
Иванов Мария Николаевна,+7 (925) 163-63-72
Попов Ирина Александровна,+7 (916) 236-59-19
Смирнова Иван Петрович,+7 (926) 452-70-64
Попов Александр Ивановна,+7 (926) 999-69-27
Морозова Петр Иванович,+7 (903) 350-75-19
Сидоров Дмитрий Иванович,+7 (929) 160-30-88
Попова Михаил Сергеевич,+7 (916) 166-73-97
Новикова Юлия Михайлович,+7 (905) 183-55-94
Кузнецов Андрей Владимирович,+7 (929) 908-15-27
Кузнецов Татьяна Андреевна,+7 (929) 831-23-26
Попов Михаил Андреевна,+7 (905) 644-59-84
Лебедева Анна Сергеевич,+7 (905) 435-25-34
Козлов Мария Иванович,+7 (926) 457-85-71
Морозов Ольга Сергеевич,+7 (916) 158-27-77
Новикова Николай Андреевна,+7 (905) 126-58-83
Кузнецов Андрей Александрович,+7 (926) 456-30-19
Сидоров Петр Алексеевна,+7 (905) 869-92-25
Морозова Петр Алексеевич,+7 (916) 991-78-78
Новикова Татьяна Михайловна,+7 (999) 724-60-35
Петров Сергей Дмитриевич,+7 (905) 614-91-70
Петрова Татьяна Петровна,+7 (905) 681-67-91
Соколов Александр Алексеевна,+7 (926) 960-19-25
Новиков Ольга Алексеевна,+7 (926) 659-40-52
Иванов Михаил Дмитриевич,+7 (929) 148-11-50
Петрова Иван Андреевич,+7 (929) 717-49-74
Соколова Владимир Андреевич,+7 (903) 394-36-59
Козлов Юлия Петрович,+7 (903) 915-53-57
Петров Владимир Алексеевна,+7 (905) 255-72-83
Лебедев Светлана Александрович,+7 (905) 759-88-68
Лебедев Алексей Алексеевна,+7 (916) 256-25-80
Соколов Александр Николаевич,+7 (929) 647-30-88
Новикова Сергей Иванович,+7 (903) 250-19-85
Кузнецов Иван Дмитриевна,+7 (926) 718-70-98
Кузнецов Владимир Сергеевна,+7 (929) 196-63-67
Козлов Владимир Михайловна,+7 (929) 977-35-68
Козлова Ольга Михайлович,+7 (926) 256-74-48
Лебедева Михаил Дмитриевна,+7 (903) 709-46-98
Новикова Алексей Николаевна,+7 (999) 575-28-98
Попова Наталья Ивановна,+7 (905) 826-72-94
Новикова Андрей Андреевна,+7 (903) 654-54-91
Морозова Дмитрий Алексеевна,+7 (905) 298-83-88
